Workbook

Sheet Expenses report
A6: Expenses report
A10: Project name | B10: GREATER – Growing Rwanda Energy Awareness Through highER education
A11: Project ID | B11: 101083081 ERASMUS-EDU-2022-CBHE
A14: file name | B14: Partner | C14: Date | D14: Amount | E14: Currency | F14: Exch. Rate | G14: Amount EUR | H14: Category | I14: Work Package | J14: Upload date | K14: Short description (mandatory) | L14: Comments (optional)
A15: AIR TICKET FOR MOBILITY.pdf | B15: RP | C15: 45397 | D15: 8867088 | E15: RWF | F15: =IF(E15="RWF",SUMIF('Exch. rate'!A:A,'Expenses report'!C15,'Exch. rate'!B:B),IF(E15="EUR",1,"")) -> 0.0007286 | G15: =IFERROR(D15*F15,"") -> 6460.5603 | H15: Travel | I15: WP 005 - Training and coaching | J15: 45483 | K15: Air Tickects for Germany Training (3 people) | M15: =IF(AND(NOT(ISBLANK($A15)),OR(ISBLANK($K15),ISBLANK($B15),ISBLANK($C15),ISBLANK($D15),ISBLANK($E15),ISBLANK($H15),ISBLANK($I15))),"INCOMPLETE","")
A16: GERMANY MOBILITY.pdf | B16: RP | C16: 45397 | D16: 10080720 | E16: RWF | F16: =IF(E16="RWF",SUMIF('Exch. rate'!A:A,'Expenses report'!C16,'Exch. rate'!B:B),IF(E16="EUR",1,"")) -> 0.0007286 | G16: =IFERROR(D16*F16,"") -> 7344.8126 | H16: Travel | I16: WP 005 - Training and coaching | J16: 45483 | K16: Accomodation for Germany Training (3 people) | M16: =IF(AND(NOT(ISBLANK($A16)),OR(ISBLANK($K16),ISBLANK($B16),ISBLANK($C16),ISBLANK($D16),ISBLANK($E16),ISBLANK($H16),ISBLANK($I16))),"INCOMPLETE","")
A17: COMMITMENT MISSION ALLOWANCES.pdf | B17: RP | C17: 44965 | D17: 54560 | E17: RWF | F17: 0.0008772 | G17: =IFERROR(D17*F17,"") -> 47.860032 | H17: Travel | I17: WP 002 - Collaboration design | J17: 45531 | K17: Millage for DPAT to attend kick-off meetings at INES
A18: COMMITMENT MISSION ALLOWANCES.pdf | B18: RP | C18: 44965 | D18: 330640 | E18: RWF | F18: 0.0008772 | G18: =IFERROR(D18*F18,"") -> 290.03741 | H18: Services for Meetings, Seminars | I18: WP 002 - Collaboration design | J18: 45531 | K18: Mission allowance for people who attended kick-off meetings at INES
A19: COMMITMENT MISSION ALLOWANCES.pdf | B19: RP | C19: 45302 | D19: 648800 | E19: RWF | F19: =IF(E19="RWF",SUMIF('Exch. rate'!A:A,'Expenses report'!C19,'Exch. rate'!B:B),IF(E19="EUR",1,"")) -> 0.0007202 | G19: =IFERROR(D19*F19,"") -> 467.26576 | H19: Services for Meetings, Seminars | I19: WP 006 - Transfer methodologies | J19: 45483 | K19: Mission allowance for people who attended meetings and workshops at UR | M19: =IF(AND(NOT(ISBLANK($A19)),OR(ISBLANK($K19),ISBLANK($B19),ISBLANK($C19),ISBLANK($D19),ISBLANK($E19),ISBLANK($H19),ISBLANK($I19))),"INCOMPLETE","")
A20: BOSCO_Mission_Order.pdf | B20: RP | C20: 45497 | D20: 96160 | E20: RWF | F20: =IF(E20="RWF",SUMIF('Exch. rate'!A:A,'Expenses report'!C20,'Exch. rate'!B:B),IF(E20="EUR",1,"")) -> 0 | G20: =IFERROR(D20*F20,"") -> 0 | H20: Other | I20: WP 006 - Transfer methodologies | J20: 45524 | K20: Mission allowance for Mr Bosco conducting Market Survey for prices of Summer School Materials to be bought | M20: =IF(AND(NOT(ISBLANK($A20)),OR(ISBLANK($K20),ISBLANK($B20),ISBLANK($C20),ISBLANK($D20),ISBLANK($E20),ISBLANK($H20),ISBLANK($I20))),"INCOMPLETE","")
A21: PurchaseOrderSummerSchoolConsumables_A.pdf | B21: RP | C21: 45524 | D21: 2993551 | E21: RWF | F21: =IF(E21="RWF",SUMIF('Exch. rate'!A:A,'Expenses report'!C21,'Exch. rate'!B:B),IF(E21="EUR",1,"")) -> 0 | G21: =IFERROR(D21*F21,"") -> 0 | H21: Consumables | I21: WP 006 - Transfer methodologies | J21: 45523 | K21: Purchase Order for Summer School Consumables from ITEC
A22: PurchaseOrderSummerSchoolConsumables_B.pdf | B22: RP | C22: 45524 | D22: 2068094 | E22: RWF | F22: =IF(E22="RWF",SUMIF('Exch. rate'!A:A,'Expenses report'!C22,'Exch. rate'!B:B),IF(E22="EUR",1,"")) -> 0 | G22: =IFERROR(D22*F22,"") -> 0 | H22: Consumables | I22: WP 006 - Transfer methodologies | J22: 45524 | K22: Purchase Order for Summer School Consumables from Jims Global Service | M22: =IF(AND(NOT(ISBLANK($A22)),OR(ISBLANK($K22),ISBLANK($B22),ISBLANK($C22),ISBLANK($D22),ISBLANK($E22),ISBLANK($H22),ISBLANK($I22))),"INCOMPLETE","")
M23: =IF(AND(NOT(ISBLANK($A23)),OR(ISBLANK($K23),ISBLANK($B23),ISBLANK($C23),ISBLANK($D23),ISBLANK($E23),ISBLANK($H23),ISBLANK($I23))),"INCOMPLETE","")
F24: =IF(E24="RWF",SUMIF('Exch. rate'!A:A,'Expenses report'!C24,'Exch. rate'!B:B),IF(E24="EUR",1,"")) | G24: =IFERROR(D24*F24,"") | M24: =IF(AND(NOT(ISBLANK($A24)),OR(ISBLANK($K24),ISBLANK($B24),ISBLANK($C24),ISBLANK($D24),ISBLANK($E24),ISBLANK($H24),ISBLANK($I24))),"INCOMPLETE","")
F25: =IF(E25="RWF",SUMIF('Exch. rate'!A:A,'Expenses report'!C25,'Exch. rate'!B:B),IF(E25="EUR",1,"")) | G25: =IFERROR(D25*F25,"") | M25: =IF(AND(NOT(ISBLANK($A25)),OR(ISBLANK($K25),ISBLANK($B25),ISBLANK($C25),ISBLANK($D25),ISBLANK($E25),ISBLANK($H25),ISBLANK($I25))),"INCOMPLETE","")
F26: =IF(E26="RWF",SUMIF('Exch. rate'!A:A,'Expenses report'!C26,'Exch. rate'!B:B),IF(E26="EUR",1,"")) | G26: =IFERROR(D26*F26,"") | M26: =IF(AND(NOT(ISBLANK($A26)),OR(ISBLANK($K26),ISBLANK($B26),ISBLANK($C26),ISBLANK($D26),ISBLANK($E26),ISBLANK($H26),ISBLANK($I26))),"INCOMPLETE","")
F27: =IF(E27="RWF",SUMIF('Exch. rate'!A:A,'Expenses report'!C27,'Exch. rate'!B:B),IF(E27="EUR",1,"")) | G27: =IFERROR(D27*F27,"") | M27: =IF(AND(NOT(ISBLANK($A27)),OR(ISBLANK($K27),ISBLANK($B27),ISBLANK($C27),ISBLANK($D27),ISBLANK($E27),ISBLANK($H27),ISBLANK($I27))),"INCOMPLETE","")
F28: =IF(E28="RWF",SUMIF('Exch. rate'!A:A,'Expenses report'!C28,'Exch. rate'!B:B),IF(E28="EUR",1,"")) | G28: =IFERROR(D28*F28,"") | M28: =IF(AND(NOT(ISBLANK($A28)),OR(ISBLANK($K28),ISBLANK($B28),ISBLANK($C28),ISBLANK($D28),ISBLANK($E28),ISBLANK($H28),ISBLANK($I28))),"INCOMPLETE","")
F29: =IF(E29="RWF",SUMIF('Exch. rate'!A:A,'Expenses report'!C29,'Exch. rate'!B:B),IF(E29="EUR",1,"")) | G29: =IFERROR(D29*F29,"") | M29: =IF(AND(NOT(ISBLANK($A29)),OR(ISBLANK($K29),ISBLANK($B29),ISBLANK($C29),ISBLANK($D29),ISBLANK($E29),ISBLANK($H29),ISBLANK($I29))),"INCOMPLETE","")
F30: =IF(E30="RWF",SUMIF('Exch. rate'!A:A,'Expenses report'!C30,'Exch. rate'!B:B),IF(E30="EUR",1,"")) | G30: =IFERROR(D30*F30,"") | M30: =IF(AND(NOT(ISBLANK($A30)),OR(ISBLANK($K30),ISBLANK($B30),ISBLANK($C30),ISBLANK($D30),ISBLANK($E30),ISBLANK($H30),ISBLANK($I30))),"INCOMPLETE","")
F31: =IF(E31="RWF",SUMIF('Exch. rate'!A:A,'Expenses report'!C31,'Exch. rate'!B:B),IF(E31="EUR",1,"")) | G31: =IFERROR(D31*F31,"") | M31: =IF(AND(NOT(ISBLANK($A31)),OR(ISBLANK($K31),ISBLANK($B31),ISBLANK($C31),ISBLANK($D31),ISBLANK($E31),ISBLANK($H31),ISBLANK($I31))),"INCOMPLETE","")
F32: =IF(E32="RWF",SUMIF('Exch. rate'!A:A,'Expenses report'!C32,'Exch. rate'!B:B),IF(E32="EUR",1,"")) | G32: =IFERROR(D32*F32,"") | M32: =IF(AND(NOT(ISBLANK($A32)),OR(ISBLANK($K32),ISBLANK($B32),ISBLANK($C32),ISBLANK($D32),ISBLANK($E32),ISBLANK($H32),ISBLANK($I32))),"INCOMPLETE","")
F33: =IF(E33="RWF",SUMIF('Exch. rate'!A:A,'Expenses report'!C33,'Exch. rate'!B:B),IF(E33="EUR",1,"")) | G33: =IFERROR(D33*F33,"") | M33: =IF(AND(NOT(ISBLANK($A33)),OR(ISBLANK($K33),ISBLANK($B33),ISBLANK($C33),ISBLANK($D33),ISBLANK($E33),ISBLANK($H33),ISBLANK($I33))),"INCOMPLETE","")
F34: =IF(E34="RWF",SUMIF('Exch. rate'!A:A,'Expenses report'!C34,'Exch. rate'!B:B),IF(E34="EUR",1,"")) | G34: =IFERROR(D34*F34,"") | M34: =IF(AND(NOT(ISBLANK($A34)),OR(ISBLANK($K34),ISBLANK($B34),ISBLANK($C34),ISBLANK($D34),ISBLANK($E34),ISBLANK($H34),ISBLANK($I34))),"INCOMPLETE","")
F35: =IF(E35="RWF",SUMIF('Exch. rate'!A:A,'Expenses report'!C35,'Exch. rate'!B:B),IF(E35="EUR",1,"")) | G35: =IFERROR(D35*F35,"") | M35: =IF(AND(NOT(ISBLANK($A35)),OR(ISBLANK($K35),ISBLANK($B35),ISBLANK($C35),ISBLANK($D35),ISBLANK($E35),ISBLANK($H35),ISBLANK($I35))),"INCOMPLETE","")
... F352: =IF(E352="RWF",SUMIF('Exch. rate'!A:A,'Expenses report'!C352,'Exch. rate'!B:B),IF(E352="EUR",1,"")) | G352: =IFERROR(D352*F352,"") | M352: =IF(AND(NOT(ISBLANK($A352)),OR(ISBLANK($K352),ISBLANK($B352),ISBLANK($C352),ISBLANK($D352),ISBLANK($E352),ISBLANK($H352),ISBLANK($I352))),"INCOMPLETE","")

Sheet Exch. rate
A1: Date | B1: Exchange rate RWF-EUR
A2: 44928 | B2: 0.0008772
A3: 44929 | B3: 0.0008864
A4: 44930 | B4: 0.0008812
A5: 44931 | B5: 0.0008882
A6: 44932 | B6: 0.0008748
A7: 44935 | B7: 0.0008696
A8: 44936 | B8: 0.0008681
A9: 44937 | B9: 0.000866
A10: 44938 | B10: 0.0008588
A11: 44939 | B11: 0.0008576
A12: 44942 | B12: 0.0008631
A13: 44943 | B13: 0.0008625
... A387: 45467 | B387: 0.00071

Sheet Drop-down
B4: Organization | E4: Work Package
A5: HBRS | B5: UNIPR - UNIVERSITÀ DEGLI STUDI DI PARMA | E5: WP 001 - Management and coordination
A6: HN | B6: HN - HOCHSCHULE NIEDERRHEIN | E6: WP 002 - Collaboration design
A7: IMEM | B7: HBRS - HOCHSCHULE BONN-RHEIN-SIEG | E7: WP 003 - Infrastructures
A8: INES | B8: UR - UNIVERSITY OF RWANDA | E8: WP 004 - Curricula design
A9: RP | B9: RP - RWANDA POLYTECHNIC | E9: WP 005 - Training and coaching
A10: UNIPR | B10: INES - INSTITUT D'ENSEIGNEMENT SUPERIEUR DE RUHENGERI | E10: WP 006 - Transfer methodologies
A11: UR | B11: UTAB - UNIVERSITY OF TECHNOLOGY AND ARTS OF BYUMBA | E11: WP 007 - Impact and dissemination
A12: UTAB | B12: IMEM - CONSIGLIO NAZIONALE DELLE RICERCHE-IMEM
B16: Description | E16: Currency
B17: Travel | E17: EUR
B18: Accommodation | E18: RWF
B19: Subsistence
B20: Equipment
B21: Consumables
B22: Services for Meetings, Seminars
B23: Services for communication/promotion/dissemination
B24: Other
